tierspol;
.P.H.U. "ADAM" ;
Instalbud Garden;
Private Finance Sp z o.o.;
Tania Jazda;
p.h.u.ricconex;
Autokor ;
Eco-para Mobilna Myjnia Parowa;
NZOZ Medi-med.;
CENTRUM MEDYCZNE PANEWNIKI;
Logistyka medyczna Logmed;
presbud;
SECURITYSERVICE£ódzkaAgencjaOchronyMienia;
Tropiciel GPS - monitoring gps;
P.P.H.U. Autoloewen;
Autoryzowany Zak³ad Instalacji Alarmowych "ALERT";
XDystrybucja;
SECURITY CAR SYSTEM - SYSTEMY ZABEZPIECZAJ¥CE POJADÓW;
SECAR;
AUTOINSTAL;
AUTO-ELEKTRO Marek Po³omski;
Auto-Alarm Janusz Niedzia³ek;
IRENE & MOPAR Auta na gaz;
Autodiagnostyka i elektromechanika Janusz Suchanecki;
DAZ-TRONI s.c.;
Zak³ad Us³ugowo-Handlowy Kropek MicIha³ Kropiñski;
AutoBlok alarmy blokady;
Ancar ZHU Adam Niedzielski;
VESystems;
NQ-SYSTEM - Awaryjne otwieranie dzrzwi samochodowych i zamków;
Ars-Alam;
Firma Us³ugowa Artur Wachnik Autoalarmy;
Quasar Electronics;
AutoskupZ³omowaniepojazdów;
Pol-Cars Skup Aut za Gotówkê;
Skup Samochodów "Daytona" Auto-Komis;
Pol-Cars Skup Aut za Gotówkê;
DAYTONA" AUTO-KOMIS;
P.H.U. EFEKT;
ECOPLAN;
Auto-Wsparcie Micha³ Pob³ocki;
MotopartneGrs - Mechanika Samochodowa PiotrLaszczak;
FHRUCAS-CAR;
PHU Carslux & Tourist;
tom cars;
FilarD Skup Aut;
F.H.U. AUTO-ADAM";
Art Garage Wiktor Winiarczyk;
INVEST-AUTO;
Firma Handlowo Us³ugowa Havannah Rados³aw Sojan;
AUTO KOMIS "Bogucki -Auto Handel" Henryk Bogucki;
P.U.H.P Firma "Olimp" Sprzeda¿ i zabudowy karawanów pogrzebowych;
Markowe-U¿ywaneSkuteryorazMotocykle;
MIKA Autosprzeda¿;
Skup Aut Za Gotówkê;
Skup Samochodów Arkadiusz Kaszta;
FHU Karat - Auto Gaz;
AutoSerwisPiotrMasicz;
auto gaz Grazyna Kolowrocka;
Auto-MiK ¯urek Sp.J.;
KEMOT-GAZ TOMASZ KUTEK;
Auto-Gaz Elektromechanika Pojazdowa;
PHU Andrzej Kolis Montaz samochodowych instalacji gazowych;
Auto Ermart Niewiadomska Marta;
ALBAZk sp. z o.o.;
Jard Serwis Monta¿ Samochodowych Instalacji Gazowych (warsztat przeniesiony z ul. Ceglanej);
Autogas Technic Adam Runiewicz;
Security Car System - Systemy zabezpieczaj¹ce pojazdów;
Gorzkiewiczx Profesjonalny Monta¿ Samochodowych Instalacji Gazowych;
Code Systemy Alarmowe Elektronika Samochodowa Andrzej Ambrozik;
DystrybucjaGazu"Propan-Butan"s.c.K.ChojnowskiA.Chudek;
Rem-Car - Serwis - Grzegorz Rysztof;
Marol-Gaz-MarcinCzapp-Monta¿instalacjigazowychserwis;
Gaz-Elek - Zinka M.;
Irene & Mopar Auta Na Gaz;
GZWOdbudowaiTuning;
Auto Gaz System Andrzej Moæko;
Auto-Box - Serwis i sprzeda¿ czêœci do samochodów japoñskich i europejskich;
Auto-Gaz MAK;
AUTO GAZ CENTRUM Krzysztof Bartosiewicz;
F.U MOTO-GAZ Piotr Gêbala;
Auto Gaz Serwis;
AUTOINSTAL;
Auto Gaz Gaz-Parts;
Bas s.c. El¿bieta Kucharska Ryszard Kucharski;
E.M.G GAZ-SYSTEM;
Auto-Perfekt;
LPG House;
Auto-Center s.c.;
Auto-Eko-Gaz Warsztat Samochodowy Andrzej Baron;
LTA Polonia;
Autogaz A.Z Arkadiusz Zieliñski MONTA¯-SERWIS instalacji gazowych LPG;
auto-gaz piotr jakubik;
Serwis Samochodów Francuskich Auto Box Roman Zwierzchowski;
co Car Rafa³ Chmielewski;
Auto-Lux Mariusz Stopa;
QSC Auto Gaz Monta¿ Serwis Autoelektronika;
AUTO MOTO GAZ S³awomir Za³êski;
ICCG'' International Cars Center Group;
CITO AUTO GAZ;
PHU DYMOWSCY;
Car-line;
D G Krzysztof Jarmuszewski;
AUTOSERWIS-InstalacjeGazoweArkadiuszSzynalski;
AUTO-GAZ Antoni Do³êga;
MCC GAS s.c.;
Auto Gaz Monta¿ Pawe³ Bugnacki;
Moto-As;
Olk mariusz - Zak³ad mechaniki pojazdowej;
AUTO SERVICE J&G;
PHU Gas System Izabella Jadwiga Wojdacka;
PHU ArgBo;
Auto-Gaz Krzysztof Giemza;
Zak³adUs³ugowy"KUBUŒ"AdamMroczkowski;
Moto Doktor;
AUTOGAZ-LPG monta¿ serwis;
AUTO GAZ DIAGOSTYKA SAMOCHODOWA I KLIMATYZACJE;
Landi Serwis-Monta¿ Instalacji gazowych. Serwis Motoryzacyjny;
Autogaz£omnickyi-Tech;
as-car;
Gomar Motoryzacja Robert £y¿wa;
Przedsiêbiorstwo Us³ugowo Handlowe JULPOL Piotr Rudnik;
AutoGazMazowszeKrzysztofGa³ecki;
Auto-GazPPUHGrzegorzKobza;
monta¿ serwis instalacji gazowych auto gaz;
PPUH''Tomex ''Tomasz Czarnowski;
AG Zavoli KME DIEGO MWM;
Delta PPHU Zbigniew Œliwa;
Piszczek Gzegorz Auto-Gaz-Serwis;
Mobil Gaz Lewandowski Dariusz;
Autogaz - Monta¿ i obs³uga instalacji gazowych - Wojtasik J.;
Arcar - Instalacje gazowe-monta¿ serwis;
Gaz-KoltecNecamMechanikaElektromechanikaPojazdowaAuto-Heart;
Autogaz- Adam Baran;
Broker Serwis Ogólnopolska Sieæ Warsztatów;
Opolski Serwis Gazowy s.c.;
Stacja Kontroli Pojazdów Ponicki Diagnostic;
IDEATECHNIKJanM³ynarczyk;
Ecowash Mobilna Myjnia Parowa;
Dr.Auto Krystian Gr¹dzki;
MJMFirmasprz¹taj¹ca;
Parking - Dowóz na Lotnisko;
Przedsiêbiorstwo handlowe "STANCHEM";
Eurofastic Firma Handlowo Us³ugowa;
Firma Handlowo-Us³ugowa "ACIS";
STEAM ZONE;
Beskidzkie Centrum Czystoœci Apeks Sp. j.;
Ubezpieczenia transport czyszczenie tapicerek;
BEZWODNA Myjnia rêczna;
STEAM CAR&AUTO DETAILING Jaros³aw Niegocki;
Auto Szyby ISO GLAS;
Przedsiêbiorstwo Us³ugowo-Produkcyjno-Handlowe "Bowal" Sp. z o.o.;
Auto-Efekt Pranie Tapicerki I Kosmetyka Samochodowa;
CS Sp. z o.o.;
JS MOTO Jacek Serafin;
EKO-B£YSK'' Andrzej Rêkas;
Przedsiêbiorstwo Wielobran¿owe Niagara Iwona Œlêzak;
Us³ugi motoryzacyjne Ewa Ludwikowska;
MEMP Szymon Kowalik;
Myjnia samochodowa TAKO;
myjnie rêczna red;
Bastek Firma Handlowa;
Auto Myjnia Jumbo;
MYJNIA SAMOCHODOWA RECZNA;
AUTO DOM BIURO;
Smartparmobilnamyjniaparowa;
Firma Us³ugowa Auto - Odnowa;
proexclusive;
Duel S.C. Justyna i Tomasz Gu³a;
auto myjnia gumiœ;
EcoPitStopMobilnamyjniaparowa;
Automyjnia. Saln Kosmetyki Samochodowej;
MCAUTOSERWISs.c.;
KRECIK Tomasz Baraniuk;
Przedsiêbiorstwo Us³ugowo-Handlowo-Produkcyjne Eco-mobile;
ecomyjnia;
ECO-MYJNIA Kamil Tuchelman;
Autokosmetyka Marko;
KIMEL GROOUP Kimel Maciej;
TURBO MYJNIA - Ekologiczna myjnia parowa;
CarBlo Sp. z o.o.;
Bo-Wa FHU Bogus³aw Waluœ;
ABC Auto Myjnia Fenix-Pro;
Mobilna Myjnia Parowa LUXCAR;
BARTGUM;
ATAK.Z Tomasz Zawodniak;
Auto Wash - Park;
Przedsiêbiorstwo Handlowo Us³ugowo Produkcyjne MARAN;
F.U.H. ATRIX Aldona Romanowska;
FUH Amo I. Ostrowska;
myjnia ³osiów grzegorz ³ojek;
Anpol Anna Kunca;
P.P.H.U. MOBIL - Smoliñski S.;
Lecznica Stomatologiczno-Lekarska "Viva Dent Medica";
Kolber Lekarze - Chirurg Medycyna Estetyczna Ginekolog;
profemed;
Lekarska Spó³dzielnia Pracy;
Gabinet Urologiczno Ginekologiczny;
Allmed-gabinet ginekologiczny lek.Rafa³ Ufnalewski;
Specjalistyczny Gabinet Ginekologiczno-Po³o¿niczy Zbigniew Wolski;
Prywatny gabinet ginekologiczny;
Specjalistyczny Gabinet Ginekologiczno-Po³o¿niczy i USG;
Prywatny Gabinet Ginekologiczno - Po³o¿niczy Jerzy Gruszecki;
SpecjalistycPzny Gabinet Ginekologiczny Jan Rochalski;
gabinet ginekologiczny Ewa Szulist;
Skowroñska-Tunia Maria - Spec. ginekolog po³o¿nik;
Gravi-Med s.c. Grupowa Praktyka Lekarska A. Adamczyk-Niemiec i J. Klzement;
Gabinet Ginekologiczny lek. med. B. Dziewoñska;
Specjalistyczne Gabinety Lekarskie;
Sklep medyczny ZDROWIE;
SEYKOPOL;
P.P.H.U."TECH-MEDICA" Andrzej Szafrañski;
Logistyka medyczna Logmed;
Lubuskie Przedsiêbiorstwo Wielobran¿owe 'ROMAR" Roman Marciniak;
Punkt Doboru Protez Amazonka Julita Zawadzka;
Life+ Sp. z o.o. Salony Medyczne;
MEDISQUAD Sp. z o.o.;
Leokadia Bedner Matic-Med.;
 Serwmed Naprawa Sprzêtu Medycznego;
Krzysztof GwiaŸdziñski PPUH "StaRR";
P.H.U. Dental-Med Specjalistyczny Sklep Zaopatrzenia Medycznego;
Daga Med Waldemar Bielecki;
K2Systems - Jerzy Grum;
BIOPRO;
Dormed Dorota Kozicka;
Intimex sp. z o.o.;
miraclogs;
Sklep medyczny ORTOMED;
Sklep Medyczny help MED.;
Schmidt Ewa lek. stomatolog - Gabinet;
Produkcja Handel Us³ugi "ADAM" Wyroby Ortopedyczne Adam Nowiñski;
Gabinet Ortopedyczny Miron Termanowski;
ZEM-Tourist Sp. z o.o.;
RANIKA Katarzyna Nitsch;
Pracownia cyfrowej radiologii stomatologicznej BRODENT;
Biuro Handlowe Boule Medical Ab;
Dar-Med Dariusz Go³owicz;
amed;
Mir-Dental Sprzêt Stomatologiczny;
FIT-MED.;
GHN Jakub Wysmyk;
Specjalistyczna Firma Ortopedyczna "Orto-Pes";
PARDEJ-DENTAL;
ELMDITECH Szczepan Tereszkiewicz;
X-RAY-LABOR;
AtestSp.zo.o;
kambaby.pl - Kamila Nobis;
ABC Anna B³aszczyk-Czy¿;
INTEGRAL;
Rolvet sp.j. Hurtownia Leków Weterynaryjnych;
MBULANS - literatura i sprzêt medyczny;
ALIVE Sklep Medyczny;
mdh sp. z o.o.;
PLUS-MED Marzena Matysik-P³omiñska Sklep Medyczno-Ortopedyczny;
PPHU RAMCO Produkcja termometrów i lusterek;
Ortostop;
Sklep Medyczny Orto-Med Agnieszka Stepaniak;
GABINET CHORÓB KRÊGOS£UPA;
przedsiêbioretwo wielobran¿owe gama;
CHEMO-LAB Przedsiêbiorstwo Handlowo Us³ugowe Arkadiusz Labus;
PRESTIGE-DENT Piotr Jaækowski;
ANEL PHU;
"Mar-Optyk Magia Okularów";
Ryma-Med Ryszard Sroka;
e-promo wagi profesjonalne;
Sprzêt rehabilitacyjny Ignatowicz s.c.;
Orto-MaxZaopatrzenieortopedyczneimedyczne;
ECO-P2;
galeria zdrowia ortotech;
CITO Krzysztof Tomczak;
ORTHOmedicus Marzanna Brzoowska;
RIXMED;
Impladent Polska sp. z o.o.;
Skk³ad Medyczny Remedium;
QElements WhyCry Mini;
DarTerapii;
Eurosima Poland Magdalena Manka;
LUMENMicha³Kijewski;
UNI-MED Zaopatrzenie Medyczne;
Wypo¿yczalnia Sprzêtu Rehabilitacyjnego;
Wypo¿yczalnia Laktatorów;
Zak³ad Optyczny Micha³ Wieczorkowski;
LBTM sklep medyczny;
REHA-CARE- Sprzêt medyczny;
P.H.U."TARMED"S.C. Sklep Medyczny;
Family Life Sp. z o.o.;
Zak³ad Ortopedyczny Ko³cz Józef PRO-ORTO;
Aura-Jaros³awpawelak;
ARTRO-MED.;
Ultraviol sp.j. PietrasPurga³Wójcik;
MedBon-InternetowySklepMedyczny;
Jacek Wich³acz Inspektor Ochrony Radiologicznej;
Active-Reh Sprzêt Rehabilitacyjny i Ortopedyczny;
TERAPEUCI ¯YCIA Sklep Medyczno - Rehabilitacyjny;
Tech Mix Wyposa¿enie Aptek;
Toruñskie Zak³ady Materia³ów Opatrunkowych Dystrybucja Sp. z o.o.;
himtech norbert wasilewski;
Aparatura Pomiarowa Janusz Woldañski;
Sklepy Medyzne;
F.H.U.P. AVEK SPRZÊT MEDYCZNY CZÊŒCI ZAMIENNE;
audioNOVA Sp. z o.o.;
Puh Dk;
PHPUJANPOL;
Sklep Medycfzny MONIMED;
Sklep medyczny Ma³gorzata Szczepaniak;
Moder Electro;
Art-Medica Sklep ortopedyczno-medyczny s.c.;
Zak³adTechnikiMedycznejsp.zo.o.Sprzeda¿inaprawasprzêtumedycznego;
Tyra Jolanta - Bioptron leczenie bólu zabiegi lecznicze;
Kowsky Sp. z o.o. Produkcja Pomocy Ortopedycznych;
CKD Sprzêt Precyzyjny i Medyczny A. Ksi¹¿kiewicz;
DlaZdrowiaJacekDepta;
Kamed-Serwis;
Centrum Architektury Krajobrazu Novum;
Bud-Max £ukasz Wojtasik;
Presbud;
Zak³ad Produkcyjny Us³ugowy "Sowbet";
Centro-Bruk Krzysztof Pajdziñski;
Brukowani;
len-marMarcinKorycki;
Uk³adanie Kostki Brukowej Max-Bruk 20 lat doœwiadczenia;
HT.RUZAM-PRO;
KaBa Leszek Kaczyñski;
NEXBUD JACEK WAŒKO;
P.P.H.U. Press-Bet;
P.H.U. Konbud Konrad Bogucki;
P.H.U. Ditrich;
Kostbet - Produkcja i Monta¿ Kostki Brukowej P³otów Betonowych Agata;
F.H.U. MAS-BUD Karol Zacharek;
Gran-Tech;
Magic Maciej Kobarski;
BECKER-BUDUs³ugibrukarsko-ogrodnize;
CZER-GRANIT Krystian Czerniawski;
Firma drogwa BITUMID;
Drogoech Mka;
 stone wojciech palusiñski;
GEBUDLechOlszañski;
Zask³ad us³ug remontowo budowlanych;
Garden-Bruk s.c. Jacek Tuszkowski Kamil Tuszkowski;
Magnum - Centrum Kostki Brukowej;
FH Bartoszek sp.j.;
Uk³adanie Kostki Brukowej Solidbruk;
P.P.H.U. TOM-GRAN MIKO£AJSKI TOMASZ;
Jatech Przedsiebiorstwo Wielobran¿owe Jacek ¯ywczak;
Piedra Land Polska;
SEBRUK S.Szast kosztorysy budowlane uk³adanie kostki brukowej;
PS-Technika;
kris-bruk;
"viking" uslugi ogulnobudowlane marcin stachura;
Sk³ad Ga³uszka Sp.J.;
ALLMAT F.H.U. M. STÊPNIK;
Bruk Team;
Zak³ad Budowlany Mim S.C. W³adys³aw Mroszczak Micha³ Mroszczak;
Janusz Walczak Pphu Bruk;
firma handlowo-transportowa "as" andrzej salawa;
KOMPLEKSOWE US£UGI BRUKARSKIE;
Kraœnickie Przedsiêbiorstwo Us³ugoweSp. z o.o.;
lech-bruk lech mêdykowski;
Us³ugi Brukarskie;
F.B.P.U. BRUK-BUD Jan Chmura;
Firma Brukarska WIDOK" Brukarstwo;
BRUKARSTWO Robert Busz;
FHU " REALITON" ANNA KUBICZ;
KOMPLEKSOWE ROBOTY ZIEMNE;
BSRUKTOM;
PHU KANIA 3 KRZYSZTOF KANIA;
Fialipowicz Robert Firma Drogowo Brukarska;
Kostka brukowa;
Eko-Bruk 2. Sprzeda¿ uk³adanie kostki brukowej;
RJ-Bruk-Bud – Rados³aw Jackowiak;
